{
  "id": "f073b832-c440-4da6-9a2c-64322393e38c",
  "generation": 0,
  "iteration": 0,
  "timestamp": 1776939702.5230787,
  "parent_id": null,
  "metrics": {
    "combined_score": 0.0,
    "correctness": 0.0,
    "speed": 0.0
  },
  "language": "python",
  "saved_at": 1776941077.0613477
}