{
  "id": "d5364405-e642-4ddc-aa43-aa9c525e19f5",
  "generation": 0,
  "iteration": 0,
  "timestamp": 1776788846.3294935,
  "parent_id": null,
  "metrics": {
    "combined_score": 0.0
  },
  "language": "python",
  "saved_at": 1776788867.8856404
}