{
  "id": "5ea3ed8e-f100-4dff-b22f-bdc589088724",
  "generation": 0,
  "iteration": 0,
  "current_iteration": 10,
  "metrics": {
    "combined_score": 0.0,
    "correctness": 0.0,
    "speed": 0.0
  },
  "language": "python",
  "timestamp": 1777477761.9688416,
  "saved_at": 1777477872.7188046
}