{
  "id": "9ed533ec-3b87-41eb-ba76-21fb82994d53",
  "generation": 0,
  "iteration": 0,
  "timestamp": 1776789868.9934287,
  "parent_id": null,
  "metrics": {
    "combined_score": 0.0
  },
  "language": "python",
  "saved_at": 1776789895.1419108
}