{
  "id": "779e005c-5866-4bcd-9e26-1be7bff86eb6",
  "generation": 0,
  "iteration": 0,
  "timestamp": 1776789142.628818,
  "parent_id": null,
  "metrics": {
    "combined_score": 0.0
  },
  "language": "python",
  "saved_at": 1776789168.8496795
}