{
  "id": "b027a0a0-640f-4a82-95bc-ebf9f161d57d",
  "generation": 0,
  "iteration": 0,
  "current_iteration": 8,
  "metrics": {
    "combined_score": 0.0
  },
  "language": "python",
  "timestamp": 1776785065.0605326,
  "saved_at": 1776785590.853151
}