{
  "id": "1da02062-12ce-4207-894c-0ad04005d431",
  "generation": 0,
  "iteration": 0,
  "timestamp": 1777457341.5430331,
  "parent_id": null,
  "metrics": {
    "combined_score": 0.0,
    "correctness": 0.0,
    "speed": 0.0
  },
  "language": "python",
  "saved_at": 1777459457.6261528
}