{
  "id": "d92845d5-577a-4728-b875-083312145c3f",
  "generation": 0,
  "iteration": 0,
  "timestamp": 1777391720.267276,
  "parent_id": null,
  "metrics": {
    "combined_score": 0.0,
    "correctness": 0.0,
    "speed": 0.0
  },
  "language": "python",
  "saved_at": 1777398586.66886
}