{
  "id": "4286d3c7-2695-489c-b624-425f7110f639",
  "generation": 0,
  "iteration": 0,
  "current_iteration": 10,
  "metrics": {
    "combined_score": 0.0,
    "correctness": 0.0,
    "speed": 0.0
  },
  "language": "python",
  "timestamp": 1777478200.0096824,
  "saved_at": 1777478288.1341977
}