{
  "id": "f30f3f51-764c-429a-a251-baa5b35b1ea1",
  "generation": 0,
  "iteration": 0,
  "current_iteration": 5,
  "metrics": {
    "runs_successfully": 1.0,
    "value_score": 0.9708208836878681,
    "distance_score": 0.6558848065320387,
    "combined_score": 1.0586110605642547,
    "reliability_score": 1.0
  },
  "language": "python",
  "timestamp": 1776978038.8346813,
  "saved_at": 1776978101.7791069
}