{
  "id": "bb11abf0-996b-4004-b5bc-3919055684e1",
  "generation": 0,
  "iteration": 0,
  "timestamp": 1777482130.702298,
  "parent_id": null,
  "metrics": {
    "combined_score": 0.0,
    "correctness": 0.0,
    "speed": 0.0
  },
  "language": "python",
  "saved_at": 1777482218.2427204
}