{
  "id": "cbd8b4fa-ab7d-4317-8419-b7877c0fd9a7",
  "generation": 0,
  "iteration": 0,
  "current_iteration": 10,
  "metrics": {
    "combined_score": 0.0,
    "correctness": 0.0,
    "speed": 0.0
  },
  "language": "python",
  "timestamp": 1777455363.3765185,
  "saved_at": 1777456685.4023004
}