{
  "id": "7a61b9f6-05f9-45e6-a46d-f4aebc21a985",
  "generation": 0,
  "iteration": 0,
  "timestamp": 1776891902.0192912,
  "parent_id": null,
  "metrics": {
    "combined_score": 0.0,
    "correctness": 0.0,
    "speed": 0.0
  },
  "language": "python",
  "saved_at": 1776893246.949947
}