{
  "id": "46a6e590-e3af-498e-859a-f8338ef2ec62",
  "generation": 0,
  "iteration": 0,
  "current_iteration": 30,
  "metrics": {
    "combined_score": 0.0,
    "correctness": 0.0,
    "speed": 0.0
  },
  "language": "python",
  "timestamp": 1777474105.9313264,
  "saved_at": 1777476317.369518
}